word,recliner,,,,reclining chair,"An upholstered armchair with an adjustable back and often a movable footrest, designed so the sitter can lean backward into a more relaxed position.",fauteuil inclinable | fauteuil relax,false,,,,"Scranton, I don’t need an oversized recliner in every room.",zone-02/zone-09/zone-11,"2,9,11",4.9-9.2 | 40.3-45.3 | 50.0-55.2,2,11,4,3,4
word,staircase,,,,set of stairs,"A structure consisting of a flight or series of stairs, often with supporting elements and railings, providing passage between different levels of a building.",escalier | cage d’escalier,false,,,,The two floors are connected via a spiral staircase.,zone-01/zone-02/zone-03/zone-10,"1,2,3,10",0.0-4.9 | 4.9-9.2 | 9.2-15.5 | 45.3-50.0,1,10,4,4,4
word,audible,,,,able to hear,"Loud or clear enough to be heard by the human ear, even if the content itself may remain difficult to understand.",audible | perceptible | que l’on peut entendre,false,,,,(Barely audible),zone-16/zone-20,"16,20",74.8-80.3 | 94.2-100.0,16,20,3,2,3
word,backyard,,,,rear yard,"An outdoor area of private ground directly behind a house or other residence, typically used as a garden, lawn, or recreational space.",jardin derrière la maison | arrière-cour | jardin,false,,,,The cone was made out of grass from my backyard . . . ?,zone-16,16,74.8-80.3,16,16,3,1,3
word,cone,,,,conical object,"An object or form shaped like a cone, narrowing from a broad circular base toward a point, here specifically resembling an ice-cream cone.",cône | cornet,false,,,,Last week I dreamed I fell into an ice-cream cone made of grass and became a baby.,zone-14/zone-16,"14,16",65.1-69.9 | 74.8-80.3,14,16,3,2,3
word,hell,,,,emphatic intensifier,"Used in questions to add strong emphasis, irritation, surprise, or bewilderment, especially in constructions such as “what the hell” or “who the hell.”",diable | bordel | bon sang,false,,,,[What the hell was that?],zone-04/zone-08,"4,8",15.5-20.0 | 35.0-40.3,4,8,3,2,3
word,alley,,,,narrow passage,"A narrow passageway or confined route, especially one running between buildings or through a restricted interior space.",ruelle | passage étroit | allée,false,,,,A small kitchen alley is wedged awkwardly behind the spiral staircase.,zone-03/zone-05/zone-14,"3,5,14",9.2-15.5 | 20.0-25.1 | 65.1-69.9,3,14,3,3,3
word,basement,,,,below-ground level,"A floor or enclosed part of a building situated wholly or partly below ground level, often used for storage, utilities, or living space.",sous-sol | cave,false,,,,"The apartment is a touch ghostly, but not in a forced manner; empty pre-war basement apartments are effortlessly uncanny.",zone-01/zone-03,"1,3",0.0-4.9 | 9.2-15.5,1,3,2,2,2
word,blacken,,,,make black,"To make or become black, dark, or markedly darker in color or appearance.",noircir | assombrir,false,,,,Nevery blacken where you come,zone-20,20,94.2-100.0,20,20,2,1,2
word,chair,,,,seat furniture,"A piece of furniture designed for one person to sit on, typically having a seat, back, and often four legs.",chaise | fauteuil,false,,,,This is a fancy chair . . .,zone-09,9,40.3-45.3,9,9,2,1,1
word,duplex,,,,two-level dwelling,"A residential unit arranged over two connected floors or levels, functioning as a single dwelling.",duplex | appartement sur deux niveaux,false,,,,A turn-of-the-century ground-floor/basement duplex tenement apartment in New York City’s Chinatown.,zone-01/zone-02,"1,2",0.0-4.9 | 4.9-9.2,1,2,2,2,2
word,entryway,,,,entrance passage,An entrance area or open passage providing access between spaces or from outside into a building or room.,entrée | passage d’entrée | vestibule,false,,,,UPSTAIRS: two rooms divided by an open entryway.,zone-02/zone-03,"2,3",4.9-9.2 | 9.2-15.5,2,3,2,2,2
word,exit,,,,leave place,"To leave or go out of a room, building, or other enclosed or defined space.",sortir | quitter,false,,,,Deirdre and Momo exit the bathroom; Momo is shaky on her feet.,zone-05/zone-15,"5,15",20.0-25.1 | 69.9-74.8,5,15,2,2,2
word,indecipherable,,,,cannot understand,"Impossible or extremely difficult to understand, interpret, or make out clearly, especially because speech, writing, or signals are unclear.",incompréhensible | indéchiffrable | inaudible,false,,,,Audible-but-indecipherable conversation from Aimee and Brigid in the kitchen.,zone-16,16,74.8-80.3,16,16,2,1,2
word,large,,,,great size,"Of greater than ordinary size, extent, or dimensions relative to comparable objects or spaces.",grand | large | vaste,false,,,,"The room with the staircase also has the apartment’s lone, large deep-set window with bars.",zone-02/zone-03,"2,3",4.9-9.2 | 9.2-15.5,2,3,2,2,2
word,layout,,,,spatial arrangement,"The way rooms, spaces, or other physical elements are arranged and organized within a building or area.",agencement | disposition | plan,false,,,,The layout doesn’t adhere to any sensible scheme; the result of a mid-century renovation in which two autonomous apartments were combined.,zone-02/zone-09,"2,9",4.9-9.2 | 40.3-45.3,2,9,2,2,2
word,main,,,,principal primary,"Most important, principal, or primary among several similar things, especially because it serves as the chief point of access or use.",principal | principal(e) | majeur,false,,,,The main door is open.,zone-03/zone-04,"3,4",9.2-15.5 | 15.5-20.0,3,4,2,2,2
word,recover,,,,regain composure,"To return to a normal physical or emotional state after shock, distress, weakness, surprise, or another temporary disruption.",se remettre | reprendre ses esprits | se ressaisir,false,,,,"They recover, some quiet tears of appreciation.",zone-04/zone-19,"4,19",15.5-20.0 | 88.6-94.2,4,19,2,2,2
word,sicken,,,,cause revulsion,"Causing intense disgust, distress, horror, or physical queasiness; deeply unpleasant or disturbing to experience.",écœurant | répugnant | horrible | nauséabond,false,,,,A sickening thud sounds from above the ceiling.,zone-04,4,15.5-20.0,4,4,2,1,2
word,spiral,,,,helical shape,"Curving continuously around a central point or axis while moving gradually upward, downward, inward, or outward.",en spirale | hélicoïdal,false,,,,The two floors are connected via a spiral staircase.,zone-01/zone-03,"1,3",0.0-4.9 | 9.2-15.5,1,3,2,2,2
word,able,,,,capable of,"Having the necessary ability, capacity, skill, or opportunity to perform a particular action or accomplish something.",capable de | en mesure de | pouvoir,false,,,,"Well, Brigid, I’m sixty-one—older people can still process information, we’re / still able to—",zone-06,6,25.1-29.4,6,6,1,1,1
word,absolutely,,,,certainly definitely,"Used to emphasize complete certainty, strong affirmation, or the absence of any meaningful restriction or doubt.",absolument | tout à fait | certainement,false,,,,"Momo, you can absolutely come back, any time you want.",zone-09,9,40.3-45.3,9,9,1,1,1
word,accomplish,,,,complete successfully,"To complete, achieve, or carry out a task, goal, or intended result successfully.",accomplir | réaliser | mener à bien,false,,,,Mission accomplished . . .,zone-05,5,20.0-25.1,5,5,1,1,1
word,adhere,,,,conform to,"To follow, conform to, or remain consistent with a rule, plan, standard, pattern, or organizing principle.",respecter | se conformer à | adhérer à,false,,,,The layout doesn’t adhere to any sensible scheme; the result of a mid-century renovation in which two autonomous apartments were combined.,zone-02,2,4.9-9.2,2,2,1,1,1
word,appreciation,,,,grateful feeling,"A feeling or expression of gratitude, recognition, or warm understanding of the value or significance of someone or something.",reconnaissance | gratitude | appréciation,false,,,,"They recover, some quiet tears of appreciation.",zone-19,19,88.6-94.2,19,19,1,1,1
word,autonomous,,,,independently functioning,Existing or functioning independently as a separate unit rather than depending structurally or operationally on another entity.,indépendant | autonome,true,,,,The layout doesn’t adhere to any sensible scheme; the result of a mid-century renovation in which two autonomous apartments were combined.,zone-02,2,4.9-9.2,2,2,1,1,1
word,awkwardly,,,,inconveniently positioned,"In an inconvenient, ungainly, or poorly fitting position or arrangement that makes the spatial relationship seem uncomfortable or impractical.",maladroitement | de façon peu pratique | gauchement,false,,,,A small kitchen alley is wedged awkwardly behind the spiral staircase.,zone-03,3,9.2-15.5,3,3,1,1,1
word,babe,,,,affectionate address,An affectionate informal term used to address a romantic partner or someone with whom the speaker has a close intimate relationship.,chéri | chérie | bébé,false,,,,"We’re fine, babe, just keep an eye on the oven, we’ll be down in a minute.",zone-06,6,25.1-29.4,6,6,1,1,1
word,barely,,,,only just,"Only just, by a very small degree or margin, indicating that something is almost not perceptible, possible, or sufficient.",à peine | tout juste,false,,,,(Barely audible),zone-20,20,94.2-100.0,20,20,1,1,1
word,beat,,,,brief pause,"A brief pause in speech, action, or dramatic timing, especially in stage directions or scripted dialogue.",temps | pause | silence,false,,,,The main door is open. Beat.,zone-03,3,9.2-15.5,3,3,1,1,1
word,ceiling,,,,upper room surface,The overhead interior surface forming the upper boundary of a room or enclosed space.,plafond,false,,,,A sickening thud sounds from above the ceiling.,zone-04,4,15.5-20.0,4,4,1,1,1
word,clumsy,,,,socially awkward,"Awkward, tactless, or inept in behavior or interaction, especially in a way that causes discomfort, embarrassment, or misunderstanding.",maladroit | gauche,false,,,,"“Dear Aimee and Brigid, I was clumsy around you both today and felt confused.",zone-17,17,80.3-88.0,17,17,1,1,1
word,combine,,,,join together,"To join two or more separate things so that they form a single unit, system, space, or whole.",combiner | réunir | fusionner,false,,,,The layout doesn’t adhere to any sensible scheme; the result of a mid-century renovation in which two autonomous apartments were combined.,zone-02,2,4.9-9.2,2,2,1,1,1
word,connect,,,,link together,"To join or link two places, objects, or parts so that movement, access, or communication between them is possible.",relier | connecter,false,,,,The two floors are connected via a spiral staircase.,zone-01,1,0.0-4.9,1,1,1,1,1
word,construction,,,,building work,"Work involving the building, repairing, altering, or renovating of structures, often producing noticeable noise or physical activity.",travaux | construction | chantier,false,,,,Is there some kinda construction going on upstairs?,zone-05,5,20.0-25.1,5,5,1,1,1
word,curiously,,,,strangely unusually,"In a strange, unusual, or noteworthy way that invites attention or mild surprise.",curieusement | étrangement,false,,,,"The apartment’s pre-war features have been coated in layers of faded off-white paint, rendering the space curiously monotone.",zone-01,1,0.0-4.9,1,1,1,1,1
word,decent,,,,reasonably good,"Satisfactory, acceptable, or reasonably good in quality, suitability, or effectiveness without being exceptional.",correct | convenable | pas mal,false,,,,"This is a decent layout, Bridge . . .",zone-09,9,40.3-45.3,9,9,1,1,1
word,definitely,,,,certainly clearly,Without doubt or uncertainty; clearly and certainly according to the speaker’s judgment or perception.,certainement | définitivement | clairement,false,,,,Definitely bigger than your last place.,zone-05,5,20.0-25.1,5,5,1,1,1
word,disconnected,,,,emotionally detached,"Mentally or emotionally detached from surrounding people, events, or normal engagement, appearing withdrawn or unresponsive.",déconnecté | détaché | coupé du monde,false,,,,"Momo’s mumbling is not directed to anyone—her primary focus is down, toward the floor, lost; she is passive and disconnected.",zone-07,7,29.4-35.0,7,7,1,1,1
word,disease,,,,medical condition,"A pathological condition affecting the body or mind and impairing normal physical, cognitive, or psychological functioning.",maladie | affection,false,,,,"Maybe it’s because this disease has me forgetting the worst stuff, but right now I’m feeling nothing about this life was worth getting so worked up about.",zone-17,17,80.3-88.0,17,17,1,1,1
word,dominate,,,,visually predominate,"To be the most prominent, noticeable, or space-occupying feature in an area, making other elements seem secondary.",dominer | occuper principalement | s’imposer,false,,,,The other room is dominated by a modest folding table.,zone-03,3,9.2-15.5,3,3,1,1,1
word,effortlessly,,,,without effort,"In a way that requires no apparent effort, strain, contrivance, or deliberate attempt to produce the resulting effect.",sans effort | naturellement | aisément,false,,,,"The apartment is a touch ghostly, but not in a forced manner; empty pre-war basement apartments are effortlessly uncanny.",zone-03,3,9.2-15.5,3,3,1,1,1
word,embarrassed,,,,feeling self-conscious,"Feeling uncomfortable, self-conscious, or ashamed because of an awkward, exposed, or socially uncomfortable situation.",gêné | embarrassé | mal à l’aise,false,,,,"They exit into the kitchen talking, carrying some of the food dishes. Richard’s a bit embarrassed.",zone-15,15,69.9-74.8,15,15,1,1,1
word,emerge,,,,come into view,"To come out from an enclosed, hidden, or less visible place and become visible or present in another area.",sortir | émerger | apparaître,false,,,,Richard emerges from the kitchen alley.,zone-05,5,20.0-25.1,5,5,1,1,1
word,eventually,,,,in the end,"After some time, delay, or intervening events; ultimately or in the end rather than immediately.",finalement | à terme | par la suite,true,,,,He eventually is drawn back,zone-13,13,60.1-65.1,13,13,1,1,1
word,fade,,,,lose color,"To lose brightness, intensity, or freshness of color gradually through age, exposure, wear, or other deterioration.",se décolorer | pâlir | passer,false,,,,"The apartment’s pre-war features have been coated in layers of faded off-white paint, rendering the space curiously monotone.",zone-01,1,0.0-4.9,1,1,1,1,1
word,farewell,,,,parting goodbye,"A goodbye or expression marking departure, separation, or the end of a relationship, period, or involvement.",adieu | au revoir,false,,,,Consider this my fond farewell.,zone-19,19,88.6-94.2,19,19,1,1,1
word,flush,,,,toilet flushing,The rush of water through a toilet that removes waste from the bowl into the drainage system.,chasse d’eau | bruit de chasse d’eau,false,,,,A toilet flush.,zone-04,4,15.5-20.0,4,4,1,1,1
word,folding,,,,collapsible furniture,"Designed to fold into a more compact form for easier storage, transport, or temporary use.",pliant | pliable,false,,,,The other room is dominated by a modest folding table.,zone-03,3,9.2-15.5,3,3,1,1,1
word,fond,,,,affectionate warm,"Marked by affection, warmth, tenderness, or positive emotional attachment toward a person, memory, or act of parting.",affectueux | chaleureux | tendre,false,,,,Consider this my fond farewell.,zone-19,19,88.6-94.2,19,19,1,1,1
word,forced,,,,artificial contrived,"Artificial, strained, or deliberately contrived rather than arising naturally or spontaneously.",forcé | artificiel | affecté,false,,,,"The apartment is a touch ghostly, but not in a forced manner; empty pre-war basement apartments are effortlessly uncanny.",zone-03,3,9.2-15.5,3,3,1,1,1
word,ghostly,,,,eerie spectral,"Resembling, suggesting, or associated with ghosts through an eerie, pale, uncanny, or haunting atmosphere.",fantomatique | spectral | sinistre,false,,,,"The apartment is a touch ghostly, but not in a forced manner; empty pre-war basement apartments are effortlessly uncanny.",zone-03,3,9.2-15.5,3,3,1,1,1
word,goody,,,,desirable treat,"A pleasant, desirable, or enjoyable item, especially food, gifts, or small treats regarded as appealing extras.",bonne chose | friandise | petit plaisir,false,,,,This is the last of the goodies . . .,zone-04,4,15.5-20.0,4,4,1,1,1
word,gotcha,,,,supporting you,"Informal reassurance indicating that the speaker has someone physically supported, secured, or under control and will prevent them from falling or struggling.",je te tiens | je t’ai | je suis là,false,,,,"I gotcha, Mom, there you go . . .",zone-05,5,20.0-25.1,5,5,1,1,1
word,humor,,,,indulge someone,"To accommodate, indulge, or pretend to agree with someone, often to please them or avoid conflict rather than from genuine agreement.",faire plaisir à | entrer dans le jeu de | ménager,true,,,,"guy’s clearly humoring her,",zone-14,14,65.1-69.9,14,14,1,1,1
word,inspect,,,,examine closely,"To look at or examine something carefully and deliberately in order to assess its condition, details, or characteristics.",inspecter | examiner | observer attentivement,false,,,,"to the window, inspects the",zone-13,13,60.1-65.1,13,13,1,1,1
word,layer,,,,covering stratum,"One of several thicknesses, coatings, or strata of material lying over or beneath another.",couche | strate,false,,,,"The apartment’s pre-war features have been coated in layers of faded off-white paint, rendering the space curiously monotone.",zone-01,1,0.0-4.9,1,1,1,1,1
word,lone,,,,only one,"Being the only one of its kind present in a particular place, group, or situation.",unique | seul,false,,,,"The room with the staircase also has the apartment’s lone, large deep-set window with bars.",zone-02,2,4.9-9.2,2,2,1,1,1
word,lovingly,,,,with affection,"In a gentle, caring, and affectionate manner that expresses love, tenderness, or emotional warmth.",avec tendresse | affectueusement | tendrement,false,,,,(Lovingly wiping Momo’s nose),zone-13,13,60.1-65.1,13,13,1,1,1
word,marriage,,,,marital relationship,"The legally or socially recognized relationship between spouses, including the shared partnership and mutual support associated with being married.",mariage | vie conjugale | union,false,,,,"—marriage can help you weather a storm, that’s all",zone-13,13,60.1-65.1,13,13,1,1,1
word,martyr,,,,self-sacrificing victim,"A person who presents themselves as suffering or sacrificing excessively for others, often to gain sympathy or imply moral superiority.",martyr | victime sacrificielle,false,,,,"Mom—I will, but—I don’t [think that]—I think something’s wrong with everyone—please don’t act like a martyr / when I’m trying to apologize . . .",zone-20,20,94.2-100.0,20,20,1,1,1
word,mid,,,,middle period,"Situated in or relating to the middle part of a specified period, era, range, or sequence.",milieu de | mi-,false,,,,The layout doesn’t adhere to any sensible scheme; the result of a mid-century renovation in which two autonomous apartments were combined.,zone-02,2,4.9-9.2,2,2,1,1,1
word,modest,,,,limited size,"Relatively small, limited, or unpretentious in size, scale, cost, or appearance rather than large or impressive.",modeste | petit | simple,true,,,,The other room is dominated by a modest folding table.,zone-03,3,9.2-15.5,3,3,1,1,1
word,monotone,,,,uniform coloring,"Having little or no variation in color or visual tone, producing a uniform, repetitive, or visually flat appearance.",monochrome | uniforme | monotone,false,,,,"The apartment’s pre-war features have been coated in layers of faded off-white paint, rendering the space curiously monotone.",zone-01,1,0.0-4.9,1,1,1,1,1
word,moving,,,,relocation related,Used for packing or transporting belongings during a change of residence from one home or location to another.,de déménagement | pour déménager,false,,,,Plastic silverware. Scattered moving boxes. Not much else.,zone-03,3,9.2-15.5,3,3,1,1,1
word,muddle,,,,confused unclear,"Confused, disorganized, or unclear in thought, memory, understanding, or arrangement, making coherent interpretation difficult.",confus | embrouillé | brouillé,false,,,,out is still all . . . [muddled] . . .,zone-08,8,35.0-40.3,8,8,1,1,1
word,mumble,,,,speak indistinctly,"To speak quietly and indistinctly, often with insufficient articulation for the words to be heard or understood clearly.",marmonner | marmotter | grommeler,false,,,,(Softly mumbled),zone-10,10,45.3-50.0,10,10,1,1,1
word,mumbling,,,,indistinct speech,"Quiet, indistinct speech produced with unclear articulation, making the words difficult to hear or understand.",marmonnement | marmonnements | paroles indistinctes,false,,,,"Momo’s mumbling is not directed to anyone—her primary focus is down, toward the floor, lost; she is passive and disconnected.",zone-07,7,29.4-35.0,7,7,1,1,1
word,notice,,,,become aware,"To become aware of, perceive, or recognize someone or something through observation or attention.",remarquer | s’apercevoir de | noter,false,,,,(Noticing the staircase),zone-10,10,45.3-50.0,10,10,1,1,1
word,oversized,,,,too large,"Larger than the normal, expected, standard, or practically desirable size for an object of its type.",surdimensionné | trop grand | de très grande taille,false,,,,"Scranton, I don’t need an oversized recliner in every room.",zone-11,11,50.0-55.2,11,11,1,1,1
word,pass,,,,hand around,"To give or transfer an object from one person to another, especially successively among members of a group.",faire passer | passer | distribuer,false,,,,"They pass around the smashed pieces of peppermint; they each take a bite, one at a time.",zone-19,19,88.6-94.2,19,19,1,1,1
word,peppermint,,,,mint confection,"A peppermint-flavored sweet or confection, especially a hard candy made with peppermint flavoring.",bonbon à la menthe | menthe poivrée,false,,,,"They pass around the smashed pieces of peppermint; they each take a bite, one at a time.",zone-19,19,88.6-94.2,19,19,1,1,1
word,phrase,,,,repeated expression,"A short group of words used as a particular expression or saying, especially one repeatedly adopted or favored by someone.",expression | phrase | formule,false,,,,It’s her latest phrase-of-the-day . . .,zone-11,11,50.0-55.2,11,11,1,1,1
word,primarily,,,,mainly chiefly,"Mainly, chiefly, or for the most part, indicating the principal focus, cause, function, or characteristic.",principalement | surtout | essentiellement,false,,,,Momo’s focus remains primarily fixed toward the floor.,zone-12,12,55.2-60.1,12,12,1,1,1
word,primary,,,,main principal,"Most important, central, or principal among several possible focuses, functions, causes, or elements.",principal | premier | essentiel,false,,,,"Momo’s mumbling is not directed to anyone—her primary focus is down, toward the floor, lost; she is passive and disconnected.",zone-07,7,29.4-35.0,7,7,1,1,1
word,process,,,,mentally comprehend,"To mentally take in, understand, interpret, or deal with information through cognitive activity.",traiter | assimiler | comprendre,false,,,,"Well, Brigid, I’m sixty-one—older people can still process information, we’re / still able to—",zone-06,6,25.1-29.4,6,6,1,1,1
word,pushy,,,,overly assertive,"Excessively forceful, persistent, or assertive in trying to get others to do, accept, or discuss something.",insistant | envahissant | autoritaire,false,,,,I’m sorry if I’m [being pushy]—,zone-13,13,60.1-65.1,13,13,1,1,1
word,remains,,,,continues to be,"Continues to be in the same state, condition, position, or situation without changing.",reste | demeure,false,,,,Momo’s focus remains primarily fixed toward the floor.,zone-12,12,55.2-60.1,12,12,1,1,1
word,remark,,,,spoken comment,"A spoken or written comment, observation, or statement made about something.",remarque | commentaire,false,,,,They have inside understanding of this remark),zone-18,18,88.0-88.6,18,18,1,1,1
word,render,,,,cause to become,To cause someone or something to become or be in a particular state or condition.,rendre | faire devenir,false,,,,"The apartment’s pre-war features have been coated in layers of faded off-white paint, rendering the space curiously monotone.",zone-01,1,0.0-4.9,1,1,1,1,1
word,renovation,,,,building refurbishment,"The process of repairing, altering, modernizing, or improving an existing building or interior space.",rénovation | réfection | travaux,false,,,,The layout doesn’t adhere to any sensible scheme; the result of a mid-century renovation in which two autonomous apartments were combined.,zone-02,2,4.9-9.2,2,2,1,1,1
word,rest,,,,settle issue,"A state of being concluded or no longer discussed, worried about, or actively pursued, especially in the phrase “put something to rest.”",repos | fin | règlement,false,,,,"I know, I’ve heard your reasons, / but we put this to rest, yeah? . . .",zone-12,12,55.2-60.1,12,12,1,1,1
word,restart,,,,begin again,"To begin something again after it has stopped, ended, or undergone a significant interruption or change.",recommencer | redémarrer | reprendre,false,,,,What?—I can share it if I want / —I restarted my life . . .,zone-14,14,65.1-69.9,14,14,1,1,1
word,rid,,,,free remove,"Free from, remove, or eliminate something unwanted, occurring here as part of the construction “get rid of.”",débarrasser | libérer | éliminer,false,,,,"Hey, why don’t—all right, Lover-Of-All, come on, come with me, let’s get rid of some of this . . .",zone-15,15,69.9-74.8,15,15,1,1,1
word,rub,,,,massage by friction,"To move a hand or fingers repeatedly over a body surface with pressure, often to soothe discomfort or tension.",frotter | masser,false,,,,rubbing his lower back.,zone-14,14,65.1-69.9,14,14,1,1,1
word,runny,,,,discharging fluid,"Producing or discharging an unusually large amount of thin liquid, especially nasal mucus.",qui coule | coulant,false,,,,(Noticing Momo’s runny nose),zone-13,13,60.1-65.1,13,13,1,1,1
word,scar,,,,cause fear,To frighten or make someone feel fear or anxiety about something.,effrayer | faire peur à,false,,,,"“Dancing at weddings always scared the crap out of me, but now it doesn’t seem like such a big deal.",zone-19,19,88.6-94.2,19,19,1,1,1
word,scared,,,,feeling afraid,"Feeling fear, anxiety, or apprehension because of actual or anticipated danger, harm, uncertainty, or death.",effrayé | apeuré | avoir peur,false,,,,"But while I am still here, I want to say: don’t worry about me once I drift off for good. I’m not scared. If anything, I wish I could’ve known that most of the stuff I did spend my life worrying about wasn’t so bad.",zone-17,17,80.3-88.0,17,17,1,1,1
word,scatter,,,,spread irregularly,Distributed or lying irregularly over an area rather than arranged together in an orderly group.,éparpillé | dispersé | épars,false,,,,Plastic silverware. Scattered moving boxes. Not much else.,zone-03,3,9.2-15.5,3,3,1,1,1
word,scheme,,,,organizing plan,"A systematic plan, arrangement, or organizing principle according to which elements are structured or related.",schéma | plan | organisation,false,,,,The layout doesn’t adhere to any sensible scheme; the result of a mid-century renovation in which two autonomous apartments were combined.,zone-02,2,4.9-9.2,2,2,1,1,1
word,sensible,,,,reasonable practical,"Reasonable, practical, coherent, and based on sound judgment rather than emotion, confusion, or poor planning.",raisonnable | sensé | logique,true,,,,The layout doesn’t adhere to any sensible scheme; the result of a mid-century renovation in which two autonomous apartments were combined.,zone-02,2,4.9-9.2,2,2,1,1,1
word,shaky,,,,physically unsteady,"Physically unsteady, trembling, or weak, especially when standing or walking.",chancelant | tremblant | instable,false,,,,Deirdre and Momo exit the bathroom; Momo is shaky on her feet.,zone-05,5,20.0-25.1,5,5,1,1,1
word,shift,,,,move focus,"To move or change from one position, direction, subject, or focus to another.",déplacer | changer | se détourner,false,,,,Gradually his attention shifts away from the noise; he continues to explore the space when—,zone-04,4,15.5-20.0,4,4,1,1,1
word,silverware,,,,eating utensils,"Knives, forks, spoons, and similar utensils used for eating or serving food, regardless of whether they are actually made of silver.",couverts | ustensiles de table,false,,,,The table is set with six paper plates and napkins with turkeys on them. Plastic silverware. Scattered moving boxes.,zone-03,3,9.2-15.5,3,3,1,1,1
word,smash,,,,break violently,"To break or crush something forcefully into smaller pieces by striking, hitting, or applying violent pressure.",fracasser | briser | écraser,false,,,,"They pass around the smashed pieces of peppermint; they each take a bite, one at a time.",zone-19,19,88.6-94.2,19,19,1,1,1
word,sole,,,,only one,"Being the only one of its kind present, available, or belonging to a particular place or entity.",unique | seul,false,,,,The other room has a door that leads to the duplex’s sole bathroom.,zone-02,2,4.9-9.2,2,2,1,1,1
word,startle,,,,cause sudden surprise,"To cause someone to react suddenly with surprise, alarm, or fear because of an unexpected event or stimulus.",faire sursauter | effrayer | surprendre,false,,,,"Another sickening thud sounds from above, startling him.",zone-04,4,15.5-20.0,4,4,1,1,1
word,stomp,,,,walk heavily,"To walk or move with heavy, forceful steps that make noticeable impacts or noise.",piétiner | marcher lourdement | taper du pied,false,,,,Or stomps around?—we don’t know . . .,zone-05,5,20.0-25.1,5,5,1,1,1
word,stung,,,,emotionally hurt,"Emotionally hurt, offended, or upset by something someone has said or done.",blessé | vexé | piqué au vif,false,,,,"Deirdre’s a little stung. Erik is drawn to the window, studies the surroundings.",zone-11,11,50.0-55.2,11,11,1,1,1
word,surrounding,,,,nearby environment,"The places, objects, and physical environment around a person or location.",environs | alentours | environnement,false,,,,"Erik is drawn to the window, studies the surroundings.",zone-11,11,50.0-55.2,11,11,1,1,1
word,thud,,,,dull impact sound,"A low, dull, heavy sound produced by an impact, fall, or forceful contact.",bruit sourd | choc sourd | boum,false,,,,A sickening thud sounds from above the ceiling.,zone-04/zone-20,"4,20",15.5-20.0 | 94.2-100.0,4,20,3,2,3
word,twist,,,,distort shape,"To bend, turn, or deform something into a different shape by rotating or contorting it.",tordre | entortiller | déformer,false,,,,like it got twisted into an ice-cream cone? . . .,zone-16,16,74.8-80.3,16,16,1,1,1
word,uncanny,,,,strangely eerie,"Strangely unfamiliar, eerie, or unsettling in a way that seems difficult to explain or almost supernatural.",étrange | inquiétant | troublant,false,,,,"The apartment is a touch ghostly, but not in a forced manner; empty pre-war basement apartments are effortlessly uncanny.",zone-03,3,9.2-15.5,3,3,1,1,1
word,understanding,,,,shared comprehension,"Knowledge, comprehension, or awareness of the meaning, significance, or intended implication of something.",compréhension | entente | connaissance,false,,,,They have inside understanding of this remark),zone-18,18,88.0-88.6,18,18,1,1,1
word,urban,,,,city related,"Relating to, characteristic of, or designed for a city or densely populated built environment.",urbain | citadin,false,,,,An urban recliner is the only piece of furniture upstairs.,zone-02,2,4.9-9.2,2,2,1,1,1
word,via,,,,by means,"By means of, through, or using a particular route, method, or intermediary.",par | via | au moyen de,false,,,,The two floors are connected via a spiral staircase.,zone-01,1,0.0-4.9,1,1,1,1,1
word,warp,,,,bend out shape,"To become bent, twisted, or distorted from an original flat or regular shape, often through age, moisture, heat, or pressure.",se déformer | se gondoler | se voiler,false,,,,"The rooms are worn, the floors are warped, but clean and well kept.",zone-01,1,0.0-4.9,1,1,1,1,1
word,wedge,,,,fit tightly,"To force, fit, or position something tightly into a narrow, confined, or awkward space.",coincer | caler | encastrer,false,,,,A small kitchen alley is wedged awkwardly behind the spiral staircase.,zone-03,3,9.2-15.5,3,3,1,1,1
word,weird,,,,strange unusual,"Strange, unusual, or unsettling because it differs noticeably from what is normal, expected, or familiar.",bizarre | étrange | chelou,false,,,,In mine there was this one other weird thing I . . .,zone-16,16,74.8-80.3,16,16,1,1,1
word,windowless,,,,without windows,"Having no windows or glazed openings that provide outside light, views, or ventilation.",sans fenêtre | aveugle,false,,,,DOWNSTAIRS: two windowless rooms divided by an even larger open entryway—with a different floorplan than upstairs.,zone-03,3,9.2-15.5,3,3,1,1,1
word,wipe,,,,clean by rubbing,"To clean, dry, or remove something from a surface by rubbing it with a cloth, hand, tissue, or similar material.",essuyer | nettoyer,false,,,,(Lovingly wiping Momo’s nose),zone-13,13,60.1-65.1,13,13,1,1,1
word,workspace,,,,work area,An area or space arranged and used for carrying out a particular kind of work or creative activity.,espace de travail | atelier | poste de travail,false,,,,"It’s good, right?—I can set up my music workspace downstairs",zone-09,9,40.3-45.3,9,9,1,1,1
word,worth,,,,deserving effort,"Having sufficient value, importance, or benefit to justify a particular action, effort, cost, concern, or emotional investment.",valoir | mériter | en valoir la peine,false,,,,"Maybe it’s because this disease has me forgetting the worst stuff, but right now I’m feeling nothing about this life was worth getting so worked up about.",zone-17,17,80.3-88.0,17,17,1,1,1
mwe,,come back,come back,phrasal_verb,return,"To return to a place, person, or previous location after having been away.",revenir | retourner,,mostly_compositional,high,2,"Momo, you can absolutely come back, any time you want.",zone-07/zone-09/zone-11/zone-20,"7,9,11,20",29.4-35.0 | 40.3-45.3 | 50.0-55.2 | 94.2-100.0,7,20,11,4,6
mwe,,all right,all right,other,be okay,"To be in a satisfactory, safe, healthy, or emotionally stable condition, without serious difficulty or harm.",aller bien | être en état | ça va,,partially_compositional,high,2,"you’re all right, Mom . . .",zone-07/zone-15,"7,15",29.4-35.0 | 69.9-74.8,7,15,3,2,2
mwe,,all right,all right,formulaic_expression,accept proceed,"Signals acceptance, acknowledgment, readiness, or a transition to the next action or topic in conversation.",d’accord | bon | très bien | alors,,partially_compositional,high,2,All right . . .,zone-07/zone-15,"7,15",29.4-35.0 | 69.9-74.8,7,15,3,2,2
mwe,,look up,look up,phrasal_verb,raise gaze,To direct one’s eyes or face upward toward something above.,lever les yeux | regarder en l’air | regarder vers le haut,,mostly_compositional,high,1,A sickening thud sounds from above the ceiling. Erik looks up.,zone-04,4,15.5-20.0,4,4,2,1,2
mwe,,plastic bag,plastic bag,compound,plastic container,"A flexible bag made of plastic material, used for carrying, storing, or packaging objects.",sac en plastique | sac plastique,,fully_compositional,high,1,Aimee and Brigid enter through the main door carrying a few plastic bags.,zone-03/zone-04,"3,4",9.2-15.5 | 15.5-20.0,3,4,2,2,2
mwe,,you guys,you guys,formulaic_expression,plural you,Informal second-person plural address referring collectively to two or more people being spoken to.,vous | vous autres | les gars,,partially_compositional,high,2,I told you guys not to bring anything.,zone-05/zone-20,"5,20",20.0-25.1 | 94.2-100.0,5,20,2,2,2
mwe,,a few,a few,other,small number,"A small number of countable people or things, generally more than one but not many.",quelques | un petit nombre de,,partially_compositional,high,2,Aimee and Brigid enter through the main door carrying a few plastic bags.,zone-04,4,15.5-20.0,4,4,1,1,1
mwe,,big deal,big deal,collocation,important matter,"Something regarded as important, significant, serious, or worthy of considerable attention or concern.",quelque chose d’important | grosse affaire | grand-chose,,partially_compositional,high,3,"“Dancing at weddings always scared the crap out of me, but now it doesn’t seem like such a big deal.",zone-19,19,88.6-94.2,19,19,1,1,1
mwe,,check out,check out,phrasal_verb,look at,"To look at, examine, or pay attention to someone or something, often because it is interesting or noteworthy.",regarder | jeter un œil à | voir,,partially_compositional,high,3,"Erik, check out this fancy chair . . .",zone-09,9,40.3-45.3,9,9,1,1,1
mwe,,chill out,chill out,phrasal_verb,relax,"To become calmer, less tense, less agitated, or more relaxed.",se détendre | se calmer | relaxer,,partially_compositional,high,3,chill out?,zone-20,20,94.2-100.0,20,20,1,1,1
mwe,,come down,come down,phrasal_verb,descend,"To move from a higher level or position to a lower one, especially downstairs in a building.",descendre | venir en bas,,mostly_compositional,high,1,Can you guys come down and talk to me please!,zone-20,20,94.2-100.0,20,20,1,1,1
mwe,,come down to,come down,phrasal_verb,descend,"To move from a higher level or position to a lower one, especially downstairs in a building.",descendre | venir en bas,,mostly_compositional,high,1,Can you guys come down and talk to me please!,zone-20,20,94.2-100.0,20,20,1,1,1
mwe,,come on,come on,formulaic_expression,urge action,"Used to urge, encourage, persuade, or prompt someone to act, move, cooperate, or continue.",allez | viens | vas-y,,partially_compositional,high,3,"Hey, why don’t—all right, Lover-Of-All, come on, come with me, let’s get rid of some of this . . .",zone-15,15,69.9-74.8,15,15,1,1,1
mwe,,crap out,scare the crap out of someone,semi_fixed,frighten intensely,"To frighten someone extremely strongly, causing intense fear or alarm.",faire une peur bleue à | foutre une trouille bleue à | terrifier,,non_compositional,high,4,"“Dancing at weddings always scared the crap out of me, but now it doesn’t seem like such a big deal.",zone-19,19,88.6-94.2,19,19,1,1,1
mwe,,drift off,drift off,phrasal_verb,lose consciousness,"To gradually fall asleep or lose conscious awareness, often gently or without a sharply perceived transition.",s’assoupir | s’endormir | sombrer dans le sommeil,,partially_compositional,high,3,"But while I am still here, I want to say: don’t worry about me once I drift off for good.",zone-17,17,80.3-88.0,17,17,1,1,1
mwe,,end up,end up,phrasal_verb,eventually become,"To eventually reach a particular situation, result, action, or condition, often after an unintended or indirect sequence of events.",finir par | se retrouver à | aboutir à,,partially_compositional,high,3,"Here, give it to me, you’re gonna end up asking me to finish . . .",zone-17,17,80.3-88.0,17,17,1,1,1
mwe,,for good,for good,idiom,permanently,"Permanently and without expectation of return, reversal, or continuation.",pour de bon | définitivement | à jamais,,non_compositional,high,4,"But while I am still here, I want to say: don’t worry about me once I drift off for good.",zone-17,17,80.3-88.0,17,17,1,1,1
mwe,,get it,you got it,formulaic_expression,certainly understood,"Signals confident acknowledgment, agreement, understanding, or willingness to comply with a request.",compris | ça marche | bien sûr,,partially_compositional,high,3,You got it.,zone-06,6,25.1-29.4,6,6,1,1,1
mwe,,get some,get rid of,phrasal_verb,eliminate,"To remove, discard, eliminate, or free oneself from someone or something unwanted or unnecessary.",se débarrasser de | éliminer | se défaire de,,partially_compositional,high,3,"Hey, why don’t—all right, Lover-Of-All, come on, come with me, let’s get rid of some of this . . .",zone-15,15,69.9-74.8,15,15,1,1,1
mwe,,get to,get to,other,have opportunity,"To have the opportunity, privilege, or chance to do something, often implying that the opportunity is valued or noteworthy.",avoir l’occasion de | avoir la chance de | pouvoir,,partially_compositional,high,3,"I got to re-boot my life, it was good . . .",zone-15,15,69.9-74.8,15,15,1,1,1
mwe,,give away,give away,phrasal_verb,give freely,To transfer possession of something to another person without receiving payment or equivalent compensation.,donner | faire cadeau de | céder gratuitement,,mostly_compositional,high,2,Why would they give something this nice away?,zone-10,10,45.3-50.0,10,10,1,1,1
mwe,,go on,go on,phrasal_verb,be happening,"To be taking place, happening, or occurring at a particular time or location.",se passer | avoir lieu | se produire,,partially_compositional,high,3,Is there some kinda construction going on upstairs?,zone-05,5,20.0-25.1,5,5,1,1,1
mwe,,how are you,how are you,formulaic_expression,ask wellbeing,"Conventional greeting or inquiry asking about another person’s health, condition, or general wellbeing.",comment ça va ? | comment allez-vous ? | comment vas-tu ?,,mostly_compositional,high,1,"How are you, Momo?",zone-08,8,35.0-40.3,8,8,1,1,1
mwe,,in one's head,in one's head,semi_fixed,in imagination,"Existing in someone’s thoughts, imagination, perception, or private mental representation rather than necessarily corresponding to external reality.",dans sa tête | dans son esprit | mentalement,,partially_compositional,high,2,in my head it was so normal . . .,zone-16,16,74.8-80.3,16,16,1,1,1
mwe,,keep an eye on,keep an eye on,idiom,monitor carefully,"To watch, monitor, or supervise someone or something attentively, usually to notice problems or changes.",garder un œil sur | surveiller | veiller sur,,partially_compositional,high,3,"We’re fine, babe, just keep an eye on the oven, we’ll be down in a minute.",zone-06,6,25.1-29.4,6,6,1,1,1
mwe,,make out,be made out of,other,be composed of,To consist of or be constructed from a particular material or substance.,être fait de | être fabriqué à partir de | être constitué de,,mostly_compositional,high,2,The cone was made out of grass from my backyard . . . ?,zone-16,16,74.8-80.3,16,16,1,1,1
mwe,,new york,New York,compound,place name,"Proper geographical name referring to New York, here as part of the name New York City.",New York,,non_compositional,high,2,A turn-of-the-century ground-floor/basement duplex tenement apartment in New York City’s Chinatown.,zone-01,1,0.0-4.9,1,1,1,1,1
mwe,,new york city,New York City,compound,city name,"Proper geographical name of the major city in New York State, United States.",New York | ville de New York,,non_compositional,high,2,A turn-of-the-century ground-floor/basement duplex tenement apartment in New York City’s Chinatown.,zone-01,1,0.0-4.9,1,1,1,1,1
mwe,,not bad,not bad,formulaic_expression,fairly acceptable,"Reasonably good, acceptable, or less unpleasant or serious than might have been expected.",pas mal | plutôt bien | pas si mauvais,,partially_compositional,high,2,"If anything, I wish I could’ve known that most of the stuff I did spend my life worrying about wasn’t so bad.",zone-17,17,80.3-88.0,17,17,1,1,1
mwe,,on one's feet,on one's feet,semi_fixed,standing upright,"Standing or supporting oneself upright on one’s feet, especially with reference to physical steadiness or mobility.",debout | sur ses pieds,,mostly_compositional,high,2,Deirdre and Momo exit the bathroom; Momo is shaky on her feet.,zone-05,5,20.0-25.1,5,5,1,1,1
mwe,,one at a time,one at a time,formulaic_expression,individually sequentially,"Individually and in sequence, with only one person or thing acting, occurring, or being handled at each moment.",un à la fois | l’un après l’autre,,mostly_compositional,high,1,"They pass around the smashed pieces of peppermint; they each take a bite, one at a time.",zone-19,19,88.6-94.2,19,19,1,1,1
mwe,,paper plate,paper plate,compound,disposable plate,"A lightweight disposable plate made primarily from paper or paperboard, typically used for serving food.",assiette en carton | assiette en papier,,fully_compositional,high,1,The table is set with six paper plates and napkins with turkeys on them.,zone-03,3,9.2-15.5,3,3,1,1,1
mwe,,pass around,pass around,phrasal_verb,circulate among group,To give something successively from one person to another within a group so that each can receive or use it.,faire passer | faire circuler,,mostly_compositional,high,2,"They pass around the smashed pieces of peppermint; they each take a bite, one at a time.",zone-19,19,88.6-94.2,19,19,1,1,1
mwe,,piece of furniture,piece of furniture,collocation,single furniture item,"One individual item belonging to the uncountable category of furniture, such as a chair, table, or cabinet.",meuble | élément de mobilier,,fully_compositional,high,1,An urban recliner is the only piece of furniture upstairs.,zone-02,2,4.9-9.2,2,2,1,1,1
mwe,,piss off,be pissed off,other,be angry,"To be very annoyed, irritated, or angry, especially in informal or vulgar speech.",être énervé | être furieux | être vénère,,partially_compositional,high,3,"pissed off: “Trust me, I’d",zone-13,13,60.1-65.1,13,13,1,1,1
mwe,,rid of,get rid of,phrasal_verb,eliminate,"To remove, discard, eliminate, or free oneself from someone or something unwanted or unnecessary.",se débarrasser de | éliminer | se défaire de,,partially_compositional,high,3,"Hey, why don’t—all right, Lover-Of-All, come on, come with me, let’s get rid of some of this . . .",zone-15,15,69.9-74.8,15,15,1,1,1
mwe,,set up,set up,phrasal_verb,establish arrange,"To establish, arrange, assemble, or prepare something so that it is ready for use or operation.",installer | aménager | mettre en place,,partially_compositional,high,2,"It’s good, right?—I can set up my music workspace downstairs",zone-09,9,40.3-45.3,9,9,1,1,1
mwe,,take a bite,take a bite,collocation,bite food,To bite into food and remove or eat a small portion of it.,prendre une bouchée | mordre dans,,fully_compositional,high,1,"They pass around the smashed pieces of peppermint; they each take a bite, one at a time.",zone-19,19,88.6-94.2,19,19,1,1,1
mwe,,take in,take in,phrasal_verb,observe comprehensively,"To look at and mentally absorb the overall appearance, extent, or details of a place or scene.",observer | embrasser du regard | prendre la mesure de,,partially_compositional,high,3,He takes in the space.,zone-03,3,9.2-15.5,3,3,1,1,1
mwe,,there we go,there we go,formulaic_expression,reassure progress,"Signals that an action is proceeding successfully or that a desired state has been achieved, often while helping or encouraging someone.",voilà | et voilà | ça y est,,partially_compositional,high,3,"there we go, Mom, there we go . . .",zone-13,13,60.1-65.1,13,13,1,1,1
mwe,,there you go,there you go,formulaic_expression,reassure assist,"Signals successful completion, assistance, or reassurance while giving, positioning, supporting, or helping someone.",voilà | et voilà | tiens,,partially_compositional,high,3,"I gotcha, Mom, there you go . . .",zone-05,5,20.0-25.1,5,5,1,1,1
mwe,,worked up,get worked up,other,become agitated,"To become emotionally agitated, anxious, upset, or excessively concerned about something.",s’énerver | s’angoisser | se monter la tête,,partially_compositional,high,3,"Maybe it’s because this disease has me forgetting the worst stuff, but right now I’m feeling nothing about this life was worth getting so worked up about.",zone-17,17,80.3-88.0,17,17,1,1,1
mwe,,go to,be going to,other,future intention,"Marks a future action, event, or intended course as expected, planned, or likely to occur.",aller | avoir l’intention de | être sur le point de,,partially_compositional,high,2,"We’re gonna have Thanksgiving at your granddaughter’s new place, / that sound good?",zone-06/zone-08/zone-17/zone-19,"6,8,17,19",25.1-29.4 | 35.0-40.3 | 80.3-88.0 | 88.6-94.2,6,19,5,4,5
mwe,,all over,all over the place,idiom,widely scattered,Distributed widely or irregularly across many locations or directions rather than concentrated in one place.,partout | un peu partout | dans tous les sens,,partially_compositional,high,2,[all over the place] . . .,zone-12,12,55.2-60.1,12,12,1,1,1
mwe,,all over the place,all over the place,idiom,widely scattered,Distributed widely or irregularly across many locations or directions rather than concentrated in one place.,partout | un peu partout | dans tous les sens,,partially_compositional,high,2,[all over the place] . . .,zone-12,12,55.2-60.1,12,12,1,1,1
mwe,,take to,take someone forever,semi_fixed,take very long,"To require an extremely long time for someone to complete or accomplish something, usually with deliberate exaggeration rather than literal permanence.",prendre une éternité à quelqu’un | prendre un temps fou à quelqu’un | être interminable,,partially_compositional,high,3,This is taking me forever to type.,zone-19,19,88.6-94.2,19,19,1,1,1